,Species,WNS Status,
50,Acerodon_celebensis,NA,
51,Acerodon_humilis,NA,
52,Acerodon_jubatus,NA,
53,Acerodon_leucotis,NA,
54,Acerodon_mackloti,NA,
55,Aethalops_aequalis,NA,
56,Aethalops_alecto,NA,
57,Alionycteris_paucidentata,NA,
58,Ametrida_centurio,NA,
59,Amorphochilus_schnablii,NA,
60,Anoura_caudifer,NA,
61,Anoura_cultrata,NA,
62,Anoura_geoffroyi,NA,
63,Anoura_latidens,NA,
64,Anoura_luismanueli,NA,
65,Anthops_ornatus,NA,
66,Antrozous_pallidus,NA,
67,Aproteles_bulmerae,NA,
68,Ardops_nichollsi,NA,
69,Arielulus_aureocollaris,NA,
70,Arielulus_circumdatus,NA,
71,Arielulus_cuprosus,NA,
72,Arielulus_societatis,NA,
73,Arielulus_torquatus,NA,
74,Ariteus_flavescens,NA,
75,Artibeus_amplus,NA,
76,Artibeus_anderseni,NA,
77,Artibeus_aztecus,NA,
78,Artibeus_cinereus,NA,
79,Artibeus_concolor,NA,
80,Artibeus_fimbriatus,NA,
81,Artibeus_fraterculus,NA,
82,Artibeus_glaucus,NA,
83,Artibeus_gnomus,NA,
84,Artibeus_hirsutus,NA,
85,Artibeus_incomitatus,NA,
86,Artibeus_inopinatus,NA,
87,Artibeus_jamaicensis,NA,
88,Artibeus_lituratus,NA,
89,Artibeus_obscurus,NA,
90,Artibeus_phaeotis,NA,
91,Artibeus_toltecus,NA,
92,Artibeus_watsoni,NA,
93,Asellia_patrizii,NA,
94,Asellia_tridens,NA,
95,Aselliscus_stoliczkanus,NA,
96,Aselliscus_tricuspidatus,NA,
97,Balantiopteryx_infusca,NA,
98,Balantiopteryx_io,NA,
99,Balantiopteryx_plicata,NA,
100,Balionycteris_maculata,NA,
101,Barbastella_barbastellus,1,
102,Barbastella_leucomelas,NA,
103,Bauerus_dubiaquercus,NA,
104,Brachyphylla_cavernarum,NA,
105,Brachyphylla_nana,NA,
106,Cardioderma_cor,NA,
107,Carollia_brevicauda,NA,
108,Carollia_castanea,NA,
109,Carollia_colombiana,NA,
110,Carollia_perspicillata,NA,
111,Carollia_sowelli,NA,
112,Carollia_subrufa,NA,
113,Casinycteris_argynnis,NA,
114,Centronycteris_centralis,NA,
115,Centronycteris_maximiliani,NA,
116,Centurio_senex,NA,
117,Chaerephon_aloysiisabaudiae,NA,
118,Chaerephon_ansorgei,NA,
119,Chaerephon_bemmeleni,NA,
120,Chaerephon_bivittatus,NA,
121,Chaerephon_bregullae,NA,
122,Chaerephon_chapini,NA,
123,Chaerephon_gallagheri,NA,
124,Chaerephon_jobensis,NA,
125,Chaerephon_johorensis,NA,
126,Chaerephon_leucogaster,NA,
127,Chaerephon_major,NA,
128,Chaerephon_nigeriae,NA,
129,Chaerephon_plicatus,NA,
130,Chaerephon_pumilus,NA,
131,Chaerephon_russatus,NA,
132,Chaerephon_shortridgei,NA,
133,Chaerephon_solomonis,NA,
134,Chaerephon_tomensis,NA,
135,Chalinolobus_dwyeri,NA,
136,Chalinolobus_gouldii,NA,
137,Chalinolobus_morio,NA,
138,Chalinolobus_neocaledonicus,NA,
139,Chalinolobus_nigrogriseus,NA,
140,Chalinolobus_picatus,NA,
141,Chalinolobus_tuberculatus,NA,
142,Cheiromeles_parvidens,NA,
143,Cheiromeles_torquatus,NA,
144,Chilonatalus_micropus,NA,
145,Chilonatalus_tumidifrons,NA,
146,Chiroderma_doriae,NA,
147,Chiroderma_improvisum,NA,
148,Chiroderma_salvini,NA,
149,Chiroderma_trinitatum,NA,
150,Chiroderma_villosum,NA,
151,Chironax_melanocephalus,NA,
152,Choeroniscus_godmani,NA,
153,Choeroniscus_minor,NA,
154,Choeroniscus_periosus,NA,
155,Choeronycteris_mexicana,NA,
156,Chrotopterus_auritus,NA,
157,Cistugo_lesueuri,NA,
158,Cistugo_seabrae,NA,
159,Cloeotis_percivali,NA,
160,Coelops_frithii,NA,
161,Coelops_robinsoni,NA,
162,Coleura_afra,NA,
163,Coleura_seychellensis,NA,
164,Cormura_brevirostris,NA,
165,Corynorhinus_mexicanus,NA,
166,Corynorhinus_rafinesquii,0,
167,Corynorhinus_townsendii,0,
168,Craseonycteris_thonglongyai,NA,
169,Cynomops_abrasus,NA,
170,Cynomops_greenhalli,NA,
171,Cynomops_mexicanus,NA,
172,Cynomops_paranus,NA,
173,Cynomops_planirostris,NA,
13,Cynopterus_brachyotis,NA,
174,Cynopterus_horsfieldii,NA,
175,Cynopterus_luzoniensis,NA,
176,Cynopterus_minutus,NA,
177,Cynopterus_nusatenggara,NA,
14,Cynopterus_sphinx,NA,
178,Cynopterus_titthaecheilus,NA,
179,Cyttarops_alecto,NA,
180,Desmodus_rotundus,NA,
181,Diaemus_youngi,NA,
182,Diclidurus_albus,NA,
183,Diclidurus_ingens,NA,
184,Diclidurus_isabellus,NA,
185,Diclidurus_scutatus,NA,
186,Diphylla_ecaudata,NA,
187,Dobsonia_anderseni,NA,
188,Dobsonia_beauforti,NA,
189,Dobsonia_chapmani,NA,
190,Dobsonia_crenulata,NA,
191,Dobsonia_emersa,NA,
192,Dobsonia_exoleta,NA,
193,Dobsonia_inermis,NA,
194,Dobsonia_magna,NA,
195,Dobsonia_minor,NA,
196,Dobsonia_moluccensis,NA,
197,Dobsonia_pannietensis,NA,
198,Dobsonia_peronii,NA,
199,Dobsonia_praedatrix,NA,
200,Dobsonia_viridis,NA,
201,Dyacopterus_brooksi,NA,
202,Dyacopterus_spadiceus,NA,
203,Ectophylla_alba,NA,
204,Eidolon_dupreanum,NA,
1,Eidolon_helvum,NA,
15,Emballonura_alecto,NA,
205,Emballonura_atrata,NA,
206,Emballonura_beccarii,NA,
207,Emballonura_dianae,NA,
208,Emballonura_furax,NA,
209,Emballonura_monticola,NA,
210,Emballonura_raffrayana,NA,
211,Emballonura_semicaudata,NA,
212,Emballonura_serii,NA,
213,Enchisthenes_hartii,NA,
214,Eonycteris_major,NA,
215,Eonycteris_robusta,NA,
16,Eonycteris_spelaea,NA,
216,Epomophorus_angolensis,NA,
217,Epomophorus_crypturus,NA,
2,Epomophorus_gambianus,NA,
218,Epomophorus_grandis,NA,
219,Epomophorus_labiatus,NA,
220,Epomophorus_minimus,NA,
221,Epomophorus_minor,NA,
222,Epomophorus_wahlbergi,NA,
17,Epomops_buettikoferi,NA,
223,Epomops_dobsonii,NA,
3,Epomops_franqueti,NA,
224,Eptesicus_andinus,NA,
225,Eptesicus_bobrinskoi,NA,
226,Eptesicus_bottae,NA,
227,Eptesicus_brasiliensis,NA,
228,Eptesicus_chiriquinus,NA,
229,Eptesicus_diminutus,NA,
230,Eptesicus_dimissus,NA,
231,Eptesicus_floweri,NA,
232,Eptesicus_furinalis,NA,
233,Eptesicus_fuscus,1,
234,Eptesicus_gobiensis,NA,
235,Eptesicus_guadeloupensis,NA,
236,Eptesicus_hottentotus,NA,
237,Eptesicus_innoxius,NA,
238,Eptesicus_japonensis,NA,
239,Eptesicus_kobayashii,NA,
240,Eptesicus_matroka,NA,
241,Eptesicus_nasutus,NA,
242,Eptesicus_nilssonii,1,
243,Eptesicus_pachyotis,NA,
244,Eptesicus_platyops,NA,
245,Eptesicus_serotinus,NA,
246,Eptesicus_tatei,NA,
247,Erophylla_bombifrons,NA,
248,Erophylla_sezekorni,NA,
249,Euderma_maculatum,NA,
250,Eudiscopus_denticulus,NA,
251,Eumops_auripendulus,NA,
252,Eumops_bonariensis,NA,
253,Eumops_dabbenei,NA,
254,Eumops_glaucinus,NA,
255,Eumops_hansae,NA,
256,Eumops_maurus,NA,
257,Eumops_patagonicus,NA,
258,Eumops_perotis,NA,
259,Eumops_trumbulli,NA,
260,Eumops_underwoodi,NA,
261,Falsistrellus_affinis,NA,
262,Falsistrellus_mackenziei,NA,
263,Falsistrellus_mordax,NA,
264,Falsistrellus_petersi,NA,
265,Falsistrellus_tasmaniensis,NA,
266,Furipterus_horrens,NA,
267,Glauconycteris_alboguttata,NA,
268,Glauconycteris_argentata,NA,
269,Glauconycteris_beatrix,NA,
270,Glauconycteris_curryae,NA,
271,Glauconycteris_egeria,NA,
272,Glauconycteris_gleni,NA,
273,Glauconycteris_humeralis,NA,
274,Glauconycteris_kenyacola,NA,
275,Glauconycteris_machadoi,NA,
276,Glauconycteris_poensis,NA,
277,Glauconycteris_superba,NA,
278,Glauconycteris_variegata,NA,
279,Glischropus_javanus,NA,
280,Glischropus_tylopus,NA,
281,Glossophaga_commissarisi,NA,
282,Glossophaga_leachii,NA,
283,Glossophaga_longirostris,NA,
284,Glossophaga_morenoi,NA,
285,Glossophaga_soricina,NA,
286,Glyphonycteris_behnii,NA,
287,Glyphonycteris_daviesi,NA,
288,Glyphonycteris_sylvestris,NA,
18,Haplonycteris_fischeri,NA,
289,Harpiocephalus_harpia,NA,
290,Harpiocephalus_mordax,NA,
291,Harpyionycteris_celebensis,NA,
292,Harpyionycteris_whiteheadi,NA,
293,Hesperoptenus_blanfordi,NA,
294,Hesperoptenus_doriae,NA,
295,Hesperoptenus_gaskelli,NA,
296,Hesperoptenus_tickelli,NA,
297,Hesperoptenus_tomesi,NA,
298,Hipposideros_abae,NA,
19,Hipposideros_armiger,NA,
299,Hipposideros_ater,NA,
300,Hipposideros_beatus,NA,
301,Hipposideros_bicolor,NA,
302,Hipposideros_breviceps,NA,
20,Hipposideros_caffer,NA,
303,Hipposideros_calcaratus,NA,
304,Hipposideros_camerunensis,NA,
305,Hipposideros_cervinus,NA,
21,Hipposideros_cineraceus,NA,
22,Hipposideros_commersoni,NA,
306,Hipposideros_coronatus,NA,
307,Hipposideros_corynophyllus,NA,
308,Hipposideros_coxi,NA,
309,Hipposideros_crumeniferus,NA,
310,Hipposideros_curtus,NA,
311,Hipposideros_cyclops,NA,
312,Hipposideros_demissus,NA,
23,Hipposideros_diadema,NA,
313,Hipposideros_dinops,NA,
314,Hipposideros_doriae,NA,
315,Hipposideros_durgadasi,NA,
316,Hipposideros_dyacorum,NA,
317,Hipposideros_edwardshilli,NA,
318,Hipposideros_fuliginosus,NA,
319,Hipposideros_fulvus,NA,
320,Hipposideros_galeritus,NA,
321,Hipposideros_gigas,NA,
322,Hipposideros_grandis,NA,
323,Hipposideros_halophyllus,NA,
324,Hipposideros_hypophyllus,NA,
325,Hipposideros_inexpectatus,NA,
326,Hipposideros_inornatus,NA,
327,Hipposideros_jonesi,NA,
328,Hipposideros_lamottei,NA,
329,Hipposideros_lankadiva,NA,
24,Hipposideros_larvatus,NA,
330,Hipposideros_lekaguli,NA,
331,Hipposideros_lylei,NA,
332,Hipposideros_macrobullatus,NA,
333,Hipposideros_madurae,NA,
334,Hipposideros_maggietaylorae,NA,
335,Hipposideros_marisae,NA,
336,Hipposideros_megalotis,NA,
337,Hipposideros_muscinus,NA,
338,Hipposideros_nequam,NA,
339,Hipposideros_obscurus,NA,
340,Hipposideros_orbiculus,NA,
341,Hipposideros_papua,NA,
342,Hipposideros_pelingensis,NA,
25,Hipposideros_pomona,NA,
343,Hipposideros_pratti,NA,
344,Hipposideros_pygmaeus,NA,
345,Hipposideros_ridleyi,NA,
346,Hipposideros_rotalis,NA,
347,Hipposideros_ruber,NA,
348,Hipposideros_scutinares,NA,
349,Hipposideros_semoni,NA,
350,Hipposideros_sorenseni,NA,
351,Hipposideros_speoris,NA,
352,Hipposideros_stenotis,NA,
353,Hipposideros_sumbae,NA,
354,Hipposideros_thomensis,NA,
355,Hipposideros_turpis,NA,
356,Hipposideros_vittatus,NA,
357,Hipposideros_wollastoni,NA,
358,Histiotus_alienus,NA,
359,Histiotus_humboldti,NA,
360,Histiotus_laephotis,NA,
361,Histiotus_macrotus,NA,
362,Histiotus_magellanicus,NA,
363,Histiotus_montanus,NA,
364,Histiotus_velatus,NA,
365,Hylonycteris_underwoodi,NA,
4,Hypsignathus_monstrosus,NA,
366,Hypsugo_alaschanicus,NA,
367,Hypsugo_anchietae,NA,
368,Hypsugo_anthonyi,NA,
369,Hypsugo_arabicus,NA,
370,Hypsugo_ariel,NA,
371,Hypsugo_bodenheimeri,NA,
372,Hypsugo_cadornae,NA,
373,Hypsugo_crassulus,NA,
374,Hypsugo_eisentrauti,NA,
375,Hypsugo_imbricatus,NA,
376,Hypsugo_joffrei,NA,
377,Hypsugo_kitcheneri,NA,
378,Hypsugo_lophurus,NA,
379,Hypsugo_macrotis,NA,
380,Hypsugo_musciculus,NA,
381,Hypsugo_pulveratus,NA,
382,Hypsugo_savii,NA,
383,Hypsugo_vordermanni,NA,
384,Ia_io,NA,
385,Idionycteris_phyllotis,NA,
386,Kerivoula_africana,NA,
387,Kerivoula_agnella,NA,
388,Kerivoula_argentata,NA,
389,Kerivoula_cuprosa,NA,
390,Kerivoula_eriophora,NA,
391,Kerivoula_flora,NA,
392,Kerivoula_hardwickii,NA,
393,Kerivoula_intermedia,NA,
394,Kerivoula_lanosa,NA,
395,Kerivoula_lenis,NA,
396,Kerivoula_minuta,NA,
397,Kerivoula_muscina,NA,
398,Kerivoula_myrella,NA,
399,Kerivoula_papillosa,NA,
400,Kerivoula_pellucida,NA,
401,Kerivoula_phalaena,NA,
402,Kerivoula_picta,NA,
403,Kerivoula_smithii,NA,
404,Kerivoula_whiteheadi,NA,
405,Laephotis_angolensis,NA,
406,Laephotis_botswanae,NA,
407,Laephotis_namibensis,NA,
408,Laephotis_wintoni,NA,
409,Lampronycteris_brachyotis,NA,
410,Lasionycteris_noctivagans,0,
411,Lasiurus_atratus,NA,
412,Lasiurus_blossevillii,NA,
413,Lasiurus_borealis,0,
414,Lasiurus_castaneus,NA,
415,Lasiurus_cinereus,NA,
416,Lasiurus_degelidus,NA,
417,Lasiurus_ebenus,NA,
418,Lasiurus_ega,NA,
419,Lasiurus_egregius,NA,
420,Lasiurus_insularis,NA,
421,Lasiurus_intermedius,NA,
422,Lasiurus_minor,NA,
423,Lasiurus_pfeifferi,NA,
424,Lasiurus_salinae,NA,
425,Lasiurus_seminolus,NA,
426,Lasiurus_varius,NA,
427,Lasiurus_xanthinus,NA,
428,Latidens_salimalii,NA,
429,Lavia_frons,NA,
430,Leptonycteris_curasoae,NA,
431,Leptonycteris_nivalis,NA,
432,Leptonycteris_yerbabuenae,NA,
433,Lichonycteris_obscura,NA,
434,Lionycteris_spurrelli,NA,
26,Lissonycteris_angolensis,NA,
435,Lonchophylla_bokermanni,NA,
436,Lonchophylla_dekeyseri,NA,
437,Lonchophylla_handleyi,NA,
438,Lonchophylla_hesperia,NA,
439,Lonchophylla_mordax,NA,
440,Lonchophylla_robusta,NA,
441,Lonchophylla_thomasi,NA,
442,Lonchorhina_aurita,NA,
443,Lonchorhina_fernandezi,NA,
444,Lonchorhina_inusitata,NA,
445,Lonchorhina_marinkellei,NA,
446,Lonchorhina_orinocensis,NA,
447,Lophostoma_brasiliense,NA,
448,Lophostoma_carrikeri,NA,
449,Lophostoma_evotis,NA,
450,Lophostoma_schulzi,NA,
451,Lophostoma_silvicolum,NA,
452,Macroderma_gigas,NA,
27,Macroglossus_minimus,NA,
453,Macroglossus_sobrinus,NA,
454,Macrophyllum_macrophyllum,NA,
455,Macrotus_californicus,NA,
456,Macrotus_waterhousii,NA,
457,Megaderma_lyra,NA,
458,Megaderma_spasma,NA,
459,Megaerops_ecaudatus,NA,
460,Megaerops_kusnotoi,NA,
461,Megaerops_niphanae,NA,
462,Megaerops_wetmorei,NA,
463,Megaloglossus_woermanni,NA,
464,Melonycteris_fardoulisi,NA,
465,Melonycteris_melanops,NA,
466,Melonycteris_woodfordi,NA,
467,Mesophylla_macconnelli,NA,
468,Micronycteris_brosseti,NA,
469,Micronycteris_hirsuta,NA,
470,Micronycteris_homezi,NA,
471,Micronycteris_matses,NA,
472,Micronycteris_megalotis,NA,
473,Micronycteris_microtis,NA,
474,Micronycteris_minuta,NA,
475,Micronycteris_sanborni,NA,
476,Micronycteris_schmidtorum,NA,
477,Micropteropus_intermedius,NA,
5,Micropteropus_pusillus,NA,
478,Mimetillus_moloneyi,NA,
479,Mimon_bennettii,NA,
480,Mimon_cozumelae,NA,
481,Mimon_crenulatum,NA,
482,Mimon_koepckeae,NA,
483,Miniopterus_africanus,NA,
28,Miniopterus_australis,NA,
484,Miniopterus_fraterculus,NA,
485,Miniopterus_fuscus,NA,
486,Miniopterus_gleni,NA,
6,Miniopterus_inflatus,NA,
487,Miniopterus_macrocneme,NA,
488,Miniopterus_magnater,NA,
489,Miniopterus_majori,NA,
490,Miniopterus_manavi,NA,
491,Miniopterus_medius,NA,
492,Miniopterus_minor,NA,
493,Miniopterus_natalensis,NA,
494,Miniopterus_paululus,NA,
29,Miniopterus_pusillus,NA,
495,Miniopterus_robustior,NA,
7,Miniopterus_schreibersii,1,
496,Miniopterus_shortridgei,NA,
30,Miniopterus_tristis,NA,
497,Molossops_aequatorianus,NA,
498,Molossops_mattogrossensis,NA,
499,Molossops_neglectus,NA,
500,Molossops_temminckii,NA,
501,Molossus_aztecus,NA,
502,Molossus_barnesi,NA,
503,Molossus_coibensis,NA,
504,Molossus_currentium,NA,
505,Molossus_molossus,NA,
506,Molossus_pretiosus,NA,
507,Molossus_rufus,NA,
508,Molossus_sinaloae,NA,
509,Monophyllus_plethodon,NA,
510,Monophyllus_redmani,NA,
511,Mops_brachypterus,NA,
8,Mops_condylurus,NA,
512,Mops_congicus,NA,
513,Mops_demonstrator,NA,
514,Mops_leucostigma,NA,
515,Mops_midas,NA,
516,Mops_mops,NA,
517,Mops_nanulus,NA,
518,Mops_niangarae,NA,
519,Mops_niveiventer,NA,
520,Mops_petersoni,NA,
521,Mops_sarasinorum,NA,
522,Mops_spurrelli,NA,
523,Mops_thersites,NA,
524,Mops_trevori,NA,
525,Mormoops_blainvillei,NA,
526,Mormoops_magna,NA,
527,Mormoops_megalophylla,NA,
528,Mormopterus_acetabulosus,NA,
529,Mormopterus_beccarii,NA,
530,Mormopterus_doriae,NA,
531,Mormopterus_jugularis,NA,
532,Mormopterus_kalinowskii,NA,
533,Mormopterus_loriae,NA,
534,Mormopterus_minutus,NA,
535,Mormopterus_norfolkensis,NA,
536,Mormopterus_phrudus,NA,
537,Mormopterus_planiceps,NA,
538,Mosia_nigrescens,NA,
539,Murina_aenea,NA,
540,Murina_aurata,NA,
541,Murina_cyclotis,NA,
542,Murina_florium,NA,
543,Murina_fusca,NA,
544,Murina_grisea,NA,
545,Murina_hilgendorfi,1,(Kovacova 2018)
546,Murina_huttoni,NA,
547,Murina_leucogaster,0,
548,Murina_puta,NA,
549,Murina_rozendaali,NA,
550,Murina_ryukyuana,NA,
551,Murina_silvatica,NA,
552,Murina_suilla,NA,
553,Murina_tenebrosa,NA,
554,Murina_tubinaris,NA,
555,Murina_ussuriensis,0,
556,Musonycteris_harrisoni,NA,
557,Myonycteris_brachycephala,NA,
558,Myonycteris_relicta,NA,
9,Myonycteris_torquata,NA,
559,Myopterus_daubentonii,NA,
560,Myopterus_whitleyi,NA,
561,Myotis_abei,NA,
562,Myotis_adversus,NA,
563,Myotis_aelleni,NA,
564,Myotis_albescens,NA,
565,Myotis_alcathoe,NA,
566,Myotis_altarium,NA,
567,Myotis_anjouanensis,NA,
568,Myotis_annamiticus,NA,
569,Myotis_annectans,NA,
570,Myotis_atacamensis,NA,
571,Myotis_ater,NA,
572,Myotis_auriculus,NA,
573,Myotis_australis,NA,
574,Myotis_austroriparius,1,
575,Myotis_bechsteinii,1,
576,Myotis_blythii,NA,
577,Myotis_bocagii,NA,
578,Myotis_bombinus,1,(Kovacova 2018)
579,Myotis_brandtii,1,
580,Myotis_bucharensis,NA,
581,Myotis_californicus,NA,
582,Myotis_capaccinii,NA,
583,Myotis_chiloensis,NA,
31,Myotis_chinensis,0,
584,Myotis_ciliolabrum,NA,"Listed as Pd postivie, but WNS-… not sure I trust it so I'm leaving it as NA"
585,Myotis_cobanensis,NA,
586,Myotis_csorbai,NA,
587,Myotis_dasycneme,1,
32,Myotis_daubentonii,1,
33,Myotis_davidii,NA,
588,Myotis_dominicensis,NA,
589,Myotis_elegans,NA,
590,Myotis_emarginatus,1,
591,Myotis_evotis,NA,
34,Myotis_fimbriatus,NA,
592,Myotis_findleyi,NA,
593,Myotis_formosus,NA,
594,Myotis_fortidens,NA,
595,Myotis_frater,NA,
596,Myotis_gomantongensis,NA,
597,Myotis_goudoti,NA,
598,Myotis_grisescens,1,
599,Myotis_hajastanicus,NA,
600,Myotis_hasseltii,NA,
601,Myotis_hermani,NA,
602,Myotis_horsfieldii,NA,
603,Myotis_hosonoi,NA,
604,Myotis_ikonnikovi,NA,
605,Myotis_insularum,NA,
606,Myotis_keaysi,NA,
607,Myotis_keenii,NA,
608,Myotis_laniger,NA,
609,Myotis_leibii,1,
610,Myotis_levis,NA,
611,Myotis_longipes,NA,
612,Myotis_lucifugus,1,
613,Myotis_macrodactylus,0,
614,Myotis_macropus,NA,
615,Myotis_macrotarsus,NA,
616,Myotis_martiniquensis,NA,
617,Myotis_melanorhinus,NA,
618,Myotis_moluccarum,NA,
619,Myotis_montivagus,NA,
620,Myotis_morrisi,NA,
621,Myotis_muricola,NA,
622,Myotis_myotis,1,
623,Myotis_mystacinus,0,
624,Myotis_nattererii,1,
625,Myotis_nesopolus,NA,
626,Myotis_nigricans,NA,
627,Myotis_nipalensis,NA,
628,Myotis_occultus,NA,
629,Myotis_oreias,NA,
630,Myotis_oxygnathus,0,
631,Myotis_oxyotus,NA,
632,Myotis_ozensis,NA,
633,Myotis_peninsularis,NA,
634,Myotis_pequinius,NA,
635,Myotis_planiceps,NA,
636,Myotis_pruinosus,NA,
637,Myotis_punicus,NA,
49,Myotis_ricketti,NA,
638,Myotis_ridleyi,NA,
639,Myotis_riparius,NA,
640,Myotis_rosseti,NA,
641,Myotis_ruber,NA,
642,Myotis_schaubi,NA,
643,Myotis_scotti,NA,
644,Myotis_septentrionalis,1,
645,Myotis_sicarius,NA,
646,Myotis_siligorensis,NA,
647,Myotis_simus,NA,
648,Myotis_sodalis,1,
649,Myotis_stalkeri,NA,
650,Myotis_thysanodes,NA,
651,Myotis_tricolor,NA,
652,Myotis_velifer,1,
653,Myotis_vivesi,NA,
654,Myotis_volans,1,
655,Myotis_welwitschii,NA,
656,Myotis_yanbarensis,NA,
657,Myotis_yesoensis,NA,
658,Myotis_yumanensis,1,
659,Mystacina_robusta,NA,
660,Mystacina_tuberculata,NA,
661,Myzopoda_aurita,NA,
35,Nanonycteris_veldkampii,NA,
662,Natalus_jamaicensis,NA,
663,Natalus_major,NA,
664,Natalus_primus,NA,
665,Natalus_stramineus,NA,
666,Natalus_tumidirostris,NA,
667,Neonycteris_pusilla,NA,
668,Neopteryx_frosti,NA,
669,Neoromicia_brunneus,NA,
670,Neoromicia_capensis,NA,
671,Neoromicia_flavescens,NA,
672,Neoromicia_guineensis,NA,
673,Neoromicia_helios,NA,
674,Neoromicia_melckorum,NA,
675,Neoromicia_nanus,NA,
676,Neoromicia_rendalli,NA,
677,Neoromicia_somalicus,NA,
678,Neoromicia_tenuipinnis,NA,
679,Neoromicia_zuluensis,NA,
680,Noctilio_albiventris,NA,
681,Noctilio_leporinus,NA,
682,Notopteris_macdonaldi,NA,
683,Notopteris_neocaledonica,NA,
684,Nyctalus_aviator,NA,
685,Nyctalus_azoreum,NA,
686,Nyctalus_furvus,NA,
687,Nyctalus_lasiopterus,NA,
688,Nyctalus_leisleri,NA,
689,Nyctalus_montanus,NA,
690,Nyctalus_noctula,NA,
691,Nyctalus_plancyi,NA,
692,Nycteris_arge,NA,
693,Nycteris_aurita,NA,
694,Nycteris_gambiensis,NA,
695,Nycteris_grandis,NA,
36,Nycteris_hispida,NA,
696,Nycteris_intermedia,NA,
697,Nycteris_javanica,NA,
698,Nycteris_macrotis,NA,
699,Nycteris_madagascariensis,NA,
700,Nycteris_major,NA,
701,Nycteris_nana,NA,
702,Nycteris_parisii,NA,
703,Nycteris_thebaica,NA,
704,Nycteris_tragata,NA,
705,Nycteris_vinsoni,NA,
706,Nycteris_woodi,NA,
707,Nycticeinops_schlieffeni,NA,
708,Nycticeius_aenobarbus,NA,
709,Nycticeius_cubanus,NA,
710,Nycticeius_humeralis,NA,
711,Nyctiellus_lepidus,NA,
712,Nyctimene_aello,NA,
713,Nyctimene_albiventer,NA,
714,Nyctimene_cephalotes,NA,
715,Nyctimene_certans,NA,
716,Nyctimene_cyclotis,NA,
717,Nyctimene_draconilla,NA,
718,Nyctimene_keasti,NA,
719,Nyctimene_major,NA,
720,Nyctimene_malaitensis,NA,
721,Nyctimene_masalai,NA,
722,Nyctimene_minutus,NA,
723,Nyctimene_rabori,NA,
724,Nyctimene_robinsoni,NA,
725,Nyctimene_sanctacrucis,NA,
726,Nyctimene_vizcaccia,NA,
727,Nyctinomops_aurispinosus,NA,
728,Nyctinomops_femorosaccus,NA,
729,Nyctinomops_laticaudatus,NA,
730,Nyctinomops_macrotis,NA,
731,Nyctophilus_arnhemensis,NA,
732,Nyctophilus_bifax,NA,
733,Nyctophilus_geoffroyi,NA,
734,Nyctophilus_gouldi,NA,
735,Nyctophilus_heran,NA,
736,Nyctophilus_howensis,NA,
737,Nyctophilus_microdon,NA,
738,Nyctophilus_microtis,NA,
739,Nyctophilus_nebulosus,NA,
740,Nyctophilus_timoriensis,NA,
741,Nyctophilus_walkeri,NA,
742,Otomops_formosus,NA,
743,Otomops_johnstonei,NA,
744,Otomops_madagascariensis,NA,
745,Otomops_martiensseni,NA,
746,Otomops_papuensis,NA,
747,Otomops_secundus,NA,
748,Otomops_wroughtoni,NA,
749,Otonycteris_hemprichii,NA,
750,Otopteropus_cartilagonodus,NA,
751,Paracoelops_megalotis,NA,
752,Paranyctimene_raptor,NA,
753,Paranyctimene_tenax,NA,
754,Penthetor_lucasi,NA,
755,Peropteryx_kappleri,NA,
756,Peropteryx_leucoptera,NA,
757,Peropteryx_macrotis,NA,
758,Peropteryx_trinitatis,NA,
759,Pharotis_imogene,NA,
760,Philetor_brachypterus,NA,
761,Phoniscus_aerosa,NA,
762,Phoniscus_atrox,NA,
763,Phoniscus_jagorii,NA,
764,Phoniscus_papuensis,NA,
765,Phylloderma_stenops,NA,
766,Phyllonycteris_aphylla,NA,
767,Phyllonycteris_major,NA,
768,Phyllonycteris_poeyi,NA,
769,Phyllops_falcatus,NA,
770,Phyllostomus_discolor,NA,
771,Phyllostomus_elongatus,NA,
772,Phyllostomus_hastatus,NA,
773,Phyllostomus_latifolius,NA,
774,Pipistrellus_abramus,NA,
775,Pipistrellus_adamsi,NA,
776,Pipistrellus_aero,NA,
777,Pipistrellus_angulatus,NA,
778,Pipistrellus_ceylonicus,NA,
779,Pipistrellus_collinus,NA,
780,Pipistrellus_coromandra,NA,
781,Pipistrellus_deserti,NA,
782,Pipistrellus_endoi,NA,
783,Pipistrellus_hesperidus,NA,
784,Pipistrellus_hesperus,NA,
785,Pipistrellus_inexspectatus,NA,
37,Pipistrellus_javanicus,NA,
786,Pipistrellus_kuhlii,NA,
787,Pipistrellus_maderensis,NA,
788,Pipistrellus_minahassae,NA,
789,Pipistrellus_nanulus,NA,
790,Pipistrellus_nathusii,NA,
791,Pipistrellus_papuanus,NA,
792,Pipistrellus_paterculus,NA,
793,Pipistrellus_permixtus,NA,
38,Pipistrellus_pipistrellus,NA,
794,Pipistrellus_pygmaeus,NA,
795,Pipistrellus_rueppellii,NA,
796,Pipistrellus_rusticus,NA,
797,Pipistrellus_stenopterus,NA,
798,Pipistrellus_sturdeei,NA,
799,Pipistrellus_subflavus,1,
800,Pipistrellus_tenuis,NA,
801,Pipistrellus_wattsi,NA,
802,Pipistrellus_westralis,NA,
803,Platalina_genovensium,NA,
804,Platymops_setiger,NA,
805,Platyrrhinus_aurarius,NA,
806,Platyrrhinus_brachycephalus,NA,
807,Platyrrhinus_chocoensis,NA,
808,Platyrrhinus_dorsalis,NA,
809,Platyrrhinus_helleri,NA,
810,Platyrrhinus_infuscus,NA,
811,Platyrrhinus_lineatus,NA,
812,Platyrrhinus_recifinus,NA,
813,Platyrrhinus_umbratus,NA,
814,Platyrrhinus_vittatus,NA,
815,Plecotus_alpinus,NA,
816,Plecotus_auritus,1,
817,Plecotus_austriacus,NA,
818,Plecotus_balensis,NA,
819,Plecotus_kolombatovici,NA,
820,Plecotus_sardus,NA,
821,Plecotus_taivanus,NA,
822,Plecotus_teneriffae,NA,
823,Plerotes_anchietae,NA,
824,Promops_centralis,NA,
825,Promops_nasutus,NA,
39,Ptenochirus_jagori,NA,
826,Ptenochirus_minor,NA,
827,Pteralopex_acrodonta,NA,
828,Pteralopex_anceps,NA,
829,Pteralopex_atrata,NA,
830,Pteralopex_pulchra,NA,
831,Pteralopex_taki,NA,
832,Pteronotus_davyi,NA,
833,Pteronotus_gymnonotus,NA,
834,Pteronotus_macleayii,NA,
835,Pteronotus_parnellii,NA,
836,Pteronotus_personatus,NA,
837,Pteronotus_pristinus,NA,
838,Pteronotus_quadridens,NA,
839,Pteropus_admiralitatum,NA,
840,Pteropus_aldabrensis,NA,
841,Pteropus_alecto,NA,
842,Pteropus_anetianus,NA,
843,Pteropus_aruensis,NA,
844,Pteropus_banakrisi,NA,
845,Pteropus_brunneus,NA,
846,Pteropus_caniceps,NA,
847,Pteropus_capistratus,NA,
848,Pteropus_chrysoproctus,NA,
849,Pteropus_cognatus,NA,
850,Pteropus_conspicillatus,NA,
851,Pteropus_dasymallus,NA,
852,Pteropus_faunulus,NA,
853,Pteropus_fundatus,NA,
854,Pteropus_giganteus,NA,
855,Pteropus_gilliardorum,NA,
856,Pteropus_griseus,NA,
857,Pteropus_howensis,NA,
858,Pteropus_hypomelanus,NA,
859,Pteropus_insularis,NA,
860,Pteropus_intermedius,NA,
861,Pteropus_keyensis,NA,
862,Pteropus_leucopterus,NA,
863,Pteropus_livingstonii,NA,
864,Pteropus_lombocensis,NA,
865,Pteropus_loochoensis,NA,
866,Pteropus_lylei,NA,
867,Pteropus_macrotis,NA,
868,Pteropus_mahaganus,NA,
869,Pteropus_mariannus,NA,
870,Pteropus_melanopogon,NA,
871,Pteropus_melanotus,NA,
872,Pteropus_molossinus,NA,
873,Pteropus_neohibernicus,NA,
874,Pteropus_niger,NA,
875,Pteropus_nitendiensis,NA,
876,Pteropus_ocularis,NA,
877,Pteropus_ornatus,NA,
878,Pteropus_pelewensis,NA,
879,Pteropus_personatus,NA,
880,Pteropus_pilosus,NA,
881,Pteropus_pohlei,NA,
882,Pteropus_poliocephalus,NA,
883,Pteropus_pselaphon,NA,
884,Pteropus_pumilus,NA,
885,Pteropus_rayneri,NA,
886,Pteropus_rennelli,NA,
887,Pteropus_rodricensis,NA,
888,Pteropus_rufus,NA,
889,Pteropus_samoensis,NA,
890,Pteropus_scapulatus,NA,
891,Pteropus_seychellensis,NA,
892,Pteropus_speciosus,NA,
893,Pteropus_subniger,NA,
894,Pteropus_temminckii,NA,
895,Pteropus_tokudae,NA,
896,Pteropus_tonganus,NA,
897,Pteropus_tuberculatus,NA,
898,Pteropus_ualanus,NA,
899,Pteropus_vampyrus,NA,
900,Pteropus_vetulus,NA,
901,Pteropus_voeltzkowi,NA,
902,Pteropus_woodfordi,NA,
903,Pteropus_yapensis,NA,
904,Pygoderma_bilabiatum,NA,
905,Rhinolophus_acuminatus,NA,
906,Rhinolophus_adami,NA,
40,Rhinolophus_affinis,NA,
907,Rhinolophus_alcyone,NA,
41,Rhinolophus_arcuatus,NA,
908,Rhinolophus_beddomei,NA,
909,Rhinolophus_blasii,NA,
910,Rhinolophus_bocharicus,NA,
911,Rhinolophus_borneensis,NA,
912,Rhinolophus_canuti,NA,
913,Rhinolophus_capensis,NA,
914,Rhinolophus_celebensis,NA,
915,Rhinolophus_clivosus,NA,
916,Rhinolophus_coelophyllus,NA,
917,Rhinolophus_cognatus,NA,
918,Rhinolophus_convexus,NA,
919,Rhinolophus_cornutus,NA,
920,Rhinolophus_creaghi,NA,
921,Rhinolophus_darlingi,NA,
922,Rhinolophus_deckenii,NA,
923,Rhinolophus_denti,NA,
10,Rhinolophus_eloquens,NA,
924,Rhinolophus_euryale,NA,
925,Rhinolophus_euryotis,NA,
42,Rhinolophus_ferrumequinum,NA,
926,Rhinolophus_formosae,NA,
927,Rhinolophus_fumigatus,NA,
928,Rhinolophus_guineensis,NA,
929,Rhinolophus_hildebrandtii,NA,
930,Rhinolophus_hilli,NA,
931,Rhinolophus_hillorum,NA,
932,Rhinolophus_hipposideros,NA,
933,Rhinolophus_imaizumii,NA,
934,Rhinolophus_inops,NA,
935,Rhinolophus_keyensis,NA,
936,Rhinolophus_landeri,NA,
937,Rhinolophus_lepidus,NA,
938,Rhinolophus_luctus,NA,
939,Rhinolophus_maclaudi,NA,
940,Rhinolophus_macrotis,NA,
941,Rhinolophus_madurensis,NA,
942,Rhinolophus_maendeleo,NA,
943,Rhinolophus_malayanus,NA,
944,Rhinolophus_marshalli,NA,
945,Rhinolophus_megaphyllus,NA,
946,Rhinolophus_mehelyi,NA,
947,Rhinolophus_mitratus,NA,
948,Rhinolophus_monoceros,NA,
949,Rhinolophus_montanus,NA,
950,Rhinolophus_nereis,NA,
951,Rhinolophus_osgoodi,NA,
952,Rhinolophus_paradoxolophus,NA,
43,Rhinolophus_pearsonii,NA,
953,Rhinolophus_philippinensis,NA,
44,Rhinolophus_pusillus,NA,
954,Rhinolophus_rex,NA,
955,Rhinolophus_robinsoni,NA,
956,Rhinolophus_rouxii,NA,
45,Rhinolophus_rufus,NA,
957,Rhinolophus_ruwenzorii,NA,
958,Rhinolophus_sakejiensis,NA,
959,Rhinolophus_sedulus,NA,
960,Rhinolophus_shameli,NA,
961,Rhinolophus_shortridgei,NA,
962,Rhinolophus_siamensis,NA,
963,Rhinolophus_silvestris,NA,
964,Rhinolophus_simulator,NA,
46,Rhinolophus_sinicus,NA,
965,Rhinolophus_stheno,NA,
966,Rhinolophus_subbadius,NA,
967,Rhinolophus_subrufus,NA,
968,Rhinolophus_swinnyi,NA,
969,Rhinolophus_thomasi,NA,
970,Rhinolophus_trifoliatus,NA,
971,Rhinolophus_virgo,NA,
972,Rhinolophus_yunanensis,NA,
973,Rhinolophus_ziama,NA,
974,Rhinonicteris_aurantia,NA,
975,Rhinophylla_alethina,NA,
976,Rhinophylla_fischerae,NA,
977,Rhinophylla_pumilio,NA,
978,Rhinopoma_hardwickii,NA,
979,Rhinopoma_macinnesi,NA,
980,Rhinopoma_microphyllum,NA,
981,Rhinopoma_muscatellum,NA,
982,Rhogeessa_aeneus,NA,
983,Rhogeessa_alleni,NA,
984,Rhogeessa_genowaysi,NA,
985,Rhogeessa_gracilis,NA,
986,Rhogeessa_hussoni,NA,
987,Rhogeessa_io,NA,
988,Rhogeessa_minutilla,NA,
989,Rhogeessa_mira,NA,
990,Rhogeessa_parvula,NA,
991,Rhogeessa_tumida,NA,
992,Rhynchonycteris_naso,NA,
11,Rousettus_aegyptiacus,NA,
12,Rousettus_amplexicaudatus,NA,
993,Rousettus_bidens,NA,
994,Rousettus_celebensis,NA,
995,Rousettus_lanosus,NA,
47,Rousettus_leschenaultii,NA,
996,Rousettus_linduensis,NA,
997,Rousettus_madagascariensis,NA,
998,Rousettus_obliviosus,NA,
999,Rousettus_spinalatus,NA,
1000,Saccolaimus_flaviventris,NA,
1001,Saccolaimus_mixtus,NA,
1002,Saccolaimus_peli,NA,
1003,Saccolaimus_saccolaimus,NA,
1004,Saccopteryx_antioquensis,NA,
1005,Saccopteryx_bilineata,NA,
1006,Saccopteryx_canescens,NA,
1007,Saccopteryx_gymnura,NA,
1008,Saccopteryx_leptura,NA,
1009,Sauromys_petrophilus,NA,
1010,Scleronycteris_ega,NA,
1011,Scoteanax_rueppellii,NA,
1012,Scotoecus_albigula,NA,
1013,Scotoecus_albofuscus,NA,
1014,Scotoecus_hindei,NA,
1015,Scotoecus_hirundo,NA,
1016,Scotoecus_pallidus,NA,
1017,Scotomanes_ornatus,NA,
1018,Scotonycteris_ophiodon,NA,
1019,Scotonycteris_zenkeri,NA,
1020,Scotophilus_borbonicus,NA,
1021,Scotophilus_celebensis,NA,
1022,Scotophilus_collinus,NA,
1023,Scotophilus_dinganii,NA,
1024,Scotophilus_heathii,NA,
48,Scotophilus_kuhlii,NA,
1025,Scotophilus_leucogaster,NA,
1026,Scotophilus_nigrita,NA,
1027,Scotophilus_nucella,NA,
1028,Scotophilus_nux,NA,
1029,Scotophilus_robustus,NA,
1030,Scotophilus_viridis,NA,
1031,Scotorepens_balstoni,NA,
1032,Scotorepens_greyii,NA,
1033,Scotorepens_orion,NA,
1034,Scotorepens_sanborni,NA,
1035,Scotozous_dormeri,NA,
1036,Sphaerias_blanfordi,NA,
1037,Sphaeronycteris_toxophyllum,NA,
1038,Stenoderma_rufum,NA,
1039,Sturnira_aratathomasi,NA,
1040,Sturnira_bidens,NA,
1041,Sturnira_bogotensis,NA,
1042,Sturnira_erythromos,NA,
1043,Sturnira_lilium,NA,
1044,Sturnira_ludovici,NA,
1045,Sturnira_luisi,NA,
1046,Sturnira_magna,NA,
1047,Sturnira_mistratensis,NA,
1048,Sturnira_mordax,NA,
1049,Sturnira_nana,NA,
1050,Sturnira_oporaphilum,NA,
1051,Sturnira_thomasi,NA,
1052,Sturnira_tildae,NA,
1053,Styloctenium_wallacei,NA,
1054,Syconycteris_australis,NA,
1055,Syconycteris_carolinae,NA,
1056,Syconycteris_hobbit,NA,
1057,Tadarida_aegyptiaca,NA,
1058,Tadarida_australis,NA,
1059,Tadarida_brasiliensis,NA,"NOTE: This is listed as Pd+, meaning they found spores on this species but no disease. But an unpublished experiment induced topor in this species and it developed lesions, so I am going to leave it as a NA"
1060,Tadarida_fulminans,NA,
1061,Tadarida_insignis,NA,
1062,Tadarida_kuboriensis,NA,
1063,Tadarida_latouchei,NA,
1064,Tadarida_lobata,NA,
1065,Tadarida_teniotis,NA,
1066,Tadarida_ventralis,NA,
1067,Taphozous_achates,NA,
1068,Taphozous_australis,NA,
1069,Taphozous_georgianus,NA,
1070,Taphozous_hamiltoni,NA,
1071,Taphozous_hildegardeae,NA,
1072,Taphozous_hilli,NA,
1073,Taphozous_kapalgensis,NA,
1074,Taphozous_longimanus,NA,
1075,Taphozous_mauritianus,NA,
1076,Taphozous_melanopogon,NA,
1077,Taphozous_nudiventris,NA,
1078,Taphozous_perforatus,NA,
1079,Taphozous_theobaldi,NA,
1080,Taphozous_troughtoni,NA,
1081,Thoopterus_nigrescens,NA,
1082,Thyroptera_discifera,NA,
1083,Thyroptera_lavali,NA,
1084,Thyroptera_tricolor,NA,
1085,Tomopeas_ravus,NA,
1086,Tonatia_bidens,NA,
1087,Tonatia_saurophila,NA,
1088,Trachops_cirrhosus,NA,
1089,Triaenops_auritus,NA,
1090,Triaenops_furculus,NA,
1091,Triaenops_persicus,NA,
1092,Triaenops_rufus,NA,
1093,Trinycteris_nicefori,NA,
1094,Tylonycteris_pachypus,NA,
1095,Tylonycteris_robustula,NA,
1096,Uroderma_bilobatum,NA,
1097,Uroderma_magnirostrum,NA,
1098,Vampyressa_bidens,NA,
1099,Vampyressa_brocki,NA,
1100,Vampyressa_melissa,NA,
1101,Vampyressa_nymphaea,NA,
1102,Vampyressa_pusilla,NA,
1103,Vampyressa_thyone,NA,
1104,Vampyrodes_caraccioli,NA,
1105,Vampyrum_spectrum,NA,
1106,Vespadelus_baverstocki,NA,
1107,Vespadelus_caurinus,NA,
1108,Vespadelus_darlingtoni,NA,
1109,Vespadelus_douglasorum,NA,
1110,Vespadelus_finlaysoni,NA,
1111,Vespadelus_pumilus,NA,
1112,Vespadelus_regulus,NA,
1113,Vespadelus_troughtoni,NA,
1114,Vespadelus_vulturnus,NA,
1115,Vespertilio_murinus,NA,
1116,Vespertilio_sinensis,NA,
